movieId,movieTitle,createdById,createdAt,vote
269,Showgirls,cm2941ws30000f34owtbyuyxq,2024-10-1414:34:03.050,-1
549,Mr. Deeds,cm2941ws30000f34owtbyuyxq,2024-10-1414:38:33.306,1
305,Kansas City,cm2941ws30000f34owtbyuyxq,2024-10-1414:39:41.031,-1
186,The Age of Innocence,cm2941ws30000f34owtbyuyxq,2024-10-1415:14:26.665,-1
1254,Hillbilly Elegy,cm2941ws30000f34owtbyuyxq,2024-10-1415:14:48.122,-1
797,Get Smart,cm2941ws30000f34owtbyuyxq,2024-10-1415:15:47.248,1
886,Wrong Turn 4: Bloody Beginnings,cm2941ws30000f34owtbyuyxq,2024-10-1415:16:19.729,-1
873,Tooth Fairy,cm2941ws30000f34owtbyuyxq,2024-10-1415:17:34.726,-1
77,The Witches,cm2941ws30000f34owtbyuyxq,2024-10-1415:21:09.575,1
473,What Lies Beneath,cm2941ws30000f34owtbyuyxq,2024-10-1415:28:01.536,-1
663,Hostel,cm2941ws30000f34owtbyuyxq,2024-10-1415:28:03.771,-1
953,Piranha 3DD,cm2941ws30000f34owtbyuyxq,2024-10-1415:28:06.014,-1
1393,Wish,cm2941ws30000f34owtbyuyxq,2024-10-1415:28:11.563,1
925,The Amazing Spider-Man,cm296c5dc0000yd5vu51v9hdz,2024-10-1415:33:39.078,1
570,The Cat in the Hat,cm296c5dc0000yd5vu51v9hdz,2024-10-1415:33:41.526,0
1285,The Suicide Squad,cm296c5dc0000yd5vu51v9hdz,2024-10-1415:33:44.097,0
647,Jarhead,cm296c5dc0000yd5vu51v9hdz,2024-10-1415:34:41.009,1
1097,Suicide Squad,cm296c5dc0000yd5vu51v9hdz,2024-10-1415:34:47.081,1
435,The Cider House Rules,cm296c5dc0000yd5vu51v9hdz,2024-10-1415:34:49.561,-1
784,Outlander,cm296c5dc0000yd5vu51v9hdz,2024-10-1415:34:52.064,-1
8,The Karate Kid Part III,cm296c5dc0000yd5vu51v9hdz,2024-10-1415:34:55.600,1
99,Freddy's Dead: The Final Nightmare,cm296c5dc0000yd5vu51v9hdz,2024-10-1415:35:00.048,1
1008,Hercules,cm296c5dc0000yd5vu51v9hdz,2024-10-1415:35:03.750,0
311,Mars Attacks!,cm296c5dc0000yd5vu51v9hdz,2024-10-1415:35:06.464,1
87,The Man in the Moon,cm296c5dc0000yd5vu51v9hdz,2024-10-1415:35:09.659,1
883,Cars 2,cm296c5dc0000yd5vu51v9hdz,2024-10-1415:35:12.464,1
792,The Flyboys,cm296c5dc0000yd5vu51v9hdz,2024-10-1415:35:16.338,-1
1173,Mission: Impossible - Fallout,cm296c5dc0000yd5vu51v9hdz,2024-10-1415:35:18.345,1
1372,White Bird,cm296c5dc0000yd5vu51v9hdz,2024-10-1415:35:21.093,-1
1399,Extraction 2,cm296c5dc0000yd5vu51v9hdz,2024-10-1415:35:25.423,1
1004,Gone Girl,cm296c5dc0000yd5vu51v9hdz,2024-10-1415:35:28.100,0
264,Haunted,cm296c5dc0000yd5vu51v9hdz,2024-10-1415:35:33.099,-1
483,Shrek,cm296c5dc0000yd5vu51v9hdz,2024-10-1415:35:34.900,1
1392,Meg 2: The Trench,cm296c5dc0000yd5vu51v9hdz,2024-10-1415:35:37.770,0
541,Road to Perdition,cm296c5dc0000yd5vu51v9hdz,2024-10-1415:35:42.164,-1
365,Rush Hour,cm296c5dc0000yd5vu51v9hdz,2024-10-1415:35:43.909,1
1161,Terrifier,cm296c5dc0000yd5vu51v9hdz,2024-10-1415:35:46.538,-1
1066,San Andreas,cm296c5dc0000yd5vu51v9hdz,2024-10-1415:35:48.841,-1
1403,The Substance,cm296c5dc0000yd5vu51v9hdz,2024-10-1415:35:50.721,-1
40,Shirley Valentine,cm296c5dc0000yd5vu51v9hdz,2024-10-1415:35:53.141,-1
702,Marie Antoinette,cm296c5dc0000yd5vu51v9hdz,2024-10-1415:35:58.493,-1
1314,Finch,cm296c5dc0000yd5vu51v9hdz,2024-10-1415:36:00.855,-1
1294,Wrong Turn,cm296c5dc0000yd5vu51v9hdz,2024-10-1415:36:03.727,-1
425,Double Jeopardy,cm296c5dc0000yd5vu51v9hdz,2024-10-1415:36:07.720,-1
507,Blow,cm296c5dc0000yd5vu51v9hdz,2024-10-1415:36:21.253,-1
98,Stone Cold,cm2941ws30000f34owtbyuyxq,2024-10-1416:25:00.549,1
1199,Forever My Girl,cm2941ws30000f34owtbyuyxq,2024-10-1416:25:09.433,1
285,Don't Be a Menace to South Central While Drinking Your Juice in the Hood,cm298a9ew0000ekvxmwmku0ba,2024-10-1416:28:44.542,1
385,The X Files,cm298a9ew0000ekvxmwmku0ba,2024-10-1416:28:47.650,1
840,The Taking of Pelham 1 2 3,cm298a9ew0000ekvxmwmku0ba,2024-10-1416:28:50.428,1
737,The Simpsons Movie,cm298a9ew0000ekvxmwmku0ba,2024-10-1416:28:52.769,1
734,Halloween,cm298a9ew0000ekvxmwmku0ba,2024-10-1416:29:50.134,1
451,Remember the Titans,cm298a9ew0000ekvxmwmku0ba,2024-10-1416:29:55.561,1
20,Back to the Future Part II,cm298a9ew0000ekvxmwmku0ba,2024-10-1416:29:58.254,1
290,Executive Decision,cm298a9ew0000ekvxmwmku0ba,2024-10-1416:30:45.610,-1
839,Invictus,cm298a9ew0000ekvxmwmku0ba,2024-10-1416:30:47.489,1
104,Top Girls,cm298a9ew0000ekvxmwmku0ba,2024-10-1416:30:53.514,-1
291,Matilda,cm298a9ew0000ekvxmwmku0ba,2024-10-1416:30:55.426,1
762,Iron Man,cm298a9ew0000ekvxmwmku0ba,2024-10-1416:30:57.550,1
318,From Dusk Till Dawn,cm298a9ew0000ekvxmwmku0ba,2024-10-1416:31:15.658,-1
75,Dick Tracy,cm298a9ew0000ekvxmwmku0ba,2024-10-1416:31:19.323,-1
191,Six Degrees of Separation,cm2941ws30000f34owtbyuyxq,2024-10-1417:53:53.983,1
182,Warlock: The Armageddon,cm2941ws30000f34owtbyuyxq,2024-10-1418:04:50.558,-1
1046,Furious 7,cm2941ws30000f34owtbyuyxq,2024-10-1418:04:55.116,1
1402,Beetlejuice Beetlejuice,cm2941ws30000f34owtbyuyxq,2024-10-1514:42:43.526,5
1192,Mortal Engines,cm2941ws30000f34owtbyuyxq,2024-10-1514:46:04.244,3
1147,Thor: Ragnarok,cm2941ws30000f34owtbyuyxq,2024-10-1514:46:58.723,3
1052,The Good Dinosaur,cm2941ws30000f34owtbyuyxq,2024-10-1514:47:40.299,4
1103,Sing,cm2941ws30000f34owtbyuyxq,2024-10-1514:48:16.794,5
2,Batman,cm2941ws30000f34owtbyuyxq,2024-10-1514:48:30.581,5
573,Scary Movie 3,cm2941ws30000f34owtbyuyxq,2024-10-1514:48:43.827,3
1060,Mad Max: Fury Road,cm2941ws30000f34owtbyuyxq,2024-10-1515:28:26.596,5
1136,Kingsman: The Golden Circle,cm2941ws30000f34owtbyuyxq,2024-10-1515:29:50.834,5
1174,A Quiet Place,cm2941ws30000f34owtbyuyxq,2024-10-1515:30:00.102,5
346,Anastasia,cm2941ws30000f34owtbyuyxq,2024-10-1516:12:07.313,5
1134,Pirates of the Caribbean: Dead Men Tell No Tales,cm2941ws30000f34owtbyuyxq,2024-10-1516:12:15.419,4
736,Spider-Man 3,cm2941ws30000f34owtbyuyxq,2024-10-1418:04:52.285,3
469,The Beach,cm2941ws30000f34owtbyuyxq,2024-10-1418:04:46.470,5
470,Final Destination,cm2941ws30000f34owtbyuyxq,2024-10-1610:33:22.967,5
545,Solaris,cm2941ws30000f34owtbyuyxq,2024-10-1416:21:45.908,5
992,Man of Steel,cm2941ws30000f34owtbyuyxq,2024-10-1416:21:06.322,5
727,No Country for Old Men,cm2941ws30000f34owtbyuyxq,2024-10-1415:28:13.482,5
620,The Polar Express,cm2941ws30000f34owtbyuyxq,2024-10-1415:28:19.931,3
1101,Jack Reacher: Never Go Back,cm2941ws30000f34owtbyuyxq,2024-10-1415:28:09.432,5
1291,Encanto,cm2941ws30000f34owtbyuyxq,2024-10-1415:27:57.863,4
1173,Mission: Impossible - Fallout,cm2941ws30000f34owtbyuyxq,2024-10-1415:21:02.883,5
1299,Raya and the Last Dragon,cm2941ws30000f34owtbyuyxq,2024-10-1415:18:45.715,3
20,Back to the Future Part II,cm2941ws30000f34owtbyuyxq,2024-10-1415:18:15.663,5
1403,The Substance,cm2941ws30000f34owtbyuyxq,2024-10-1414:38:41.609,3
1047,The Peanuts Movie,cm2941ws30000f34owtbyuyxq,2024-10-1414:31:38.627,3
1020,Night at the Museum: Secret of the Tomb,cm2941ws30000f34owtbyuyxq,2024-10-1417:53:58.904,5
434,Universal Soldier: The Return,cm2941ws30000f34owtbyuyxq,2024-10-1417:50:11.282,5
11,Star Trek V: The Final Frontier,cm2941ws30000f34owtbyuyxq,2024-10-1414:40:32.078,3
862,The Karate Kid,cm2941ws30000f34owtbyuyxq,2024-10-1415:17:49.870,2
28,Erik the Viking,cm2941ws30000f34owtbyuyxq,2024-10-1415:14:19.929,2
1249,Birds of Prey (and the Fantabulous Emancipation of One Harley Quinn),cm2941ws30000f34owtbyuyxq,2024-10-1414:33:18.360,2
1044,Poltergeist,cm2941ws30000f34owtbyuyxq,2024-10-1611:17:44.231,4
279,Crimson Tide,cm2941ws30000f34owtbyuyxq,2024-10-1611:19:25.279,2
1367,Fast X,cm2941ws30000f34owtbyuyxq,2024-10-1611:19:35.730,4
723,Harry Potter and the Order of the Phoenix,cm2941ws30000f34owtbyuyxq,2024-10-1611:23:08.224,5
686,Apocalypto,cm296c5dc0000yd5vu51v9hdz,2024-10-1415:36:16.093,4
658,Lord of War,cm296c5dc0000yd5vu51v9hdz,2024-10-1415:36:13.995,4
988,The Hangover Part III,cm296c5dc0000yd5vu51v9hdz,2024-10-1415:36:11.974,3
1124,Transformers: The Last Knight,cm296c5dc0000yd5vu51v9hdz,2024-10-1415:36:09.490,4
188,We're Back! A Dinosaur's Story,cm296c5dc0000yd5vu51v9hdz,2024-10-1415:35:55.758,1
1053,Run All Night,cm2941ws30000f34owtbyuyxq,2024-10-1611:23:20.345,3
374,Fear and Loathing in Las Vegas,cm2941ws30000f34owtbyuyxq,2024-10-1611:29:37.510,2
710,World Trade Center,cm2941ws30000f34owtbyuyxq,2024-10-1611:29:47.352,5
161,The Nightmare Before Christmas,cm2941ws30000f34owtbyuyxq,2024-10-1611:29:55.890,5
624,Shaun of the Dead,cm2941ws30000f34owtbyuyxq,2024-10-1611:33:37.431,4
693,The Hills Have Eyes,cm2941ws30000f34owtbyuyxq,2024-10-1611:37:17.866,2
148,Death Becomes Her,cm2941ws30000f34owtbyuyxq,2024-10-1611:37:26.640,2
534,Catch Me If You Can,cm2941ws30000f34owtbyuyxq,2024-10-1611:37:34.671,5
1309,Girl in the Basement,cm2941ws30000f34owtbyuyxq,2024-10-1415:28:17.339,3
866,Flipped,cm2941ws30000f34owtbyuyxq,2024-10-1612:33:51.467,3
1216,Midsommar,cm2941ws30000f34owtbyuyxq,2024-10-1612:33:53.957,5
1122,Coco,cm2941ws30000f34owtbyuyxq,2024-10-1612:33:57.590,5
108,Bugsy,cm2941ws30000f34owtbyuyxq,2024-10-1612:34:01.600,2
451,Remember the Titans,cm2941ws30000f34owtbyuyxq,2024-10-1612:34:04.125,5
1264,Tenet,cm2941ws30000f34owtbyuyxq,2024-10-1612:34:06.412,5
1089,Alice Through the Looking Glass,cm2941ws30000f34owtbyuyxq,2024-10-1612:34:09.821,4
591,The Haunted Mansion,cm2941ws30000f34owtbyuyxq,2024-10-1612:34:17.115,3
1176,Pacific Rim: Uprising,cm2941ws30000f34owtbyuyxq,2024-10-1612:34:20.956,4
137,Alien³,cm2941ws30000f34owtbyuyxq,2024-10-1612:34:23.442,3
507,Blow,cm2941ws30000f34owtbyuyxq,2024-10-1612:34:27.401,0
889,The Help,cm2941ws30000f34owtbyuyxq,2024-10-1612:34:31.036,0
658,Lord of War,cm2941ws30000f34owtbyuyxq,2024-10-1612:34:33.124,5
1180,Jurassic World: Fallen Kingdom,cm2941ws30000f34owtbyuyxq,2024-10-1612:34:35.224,5
203,The Mask,cm2941ws30000f34owtbyuyxq,2024-10-1612:34:37.712,5
718,Flushed Away,cm2941ws30000f34owtbyuyxq,2024-10-1612:34:40.859,3
503,Rush Hour 2,cm2941ws30000f34owtbyuyxq,2024-10-1612:34:42.757,5
155,Chaplin,cm2941ws30000f34owtbyuyxq,2024-10-1612:34:47.579,5
1146,Daddy's Home 2,cm2941ws30000f34owtbyuyxq,2024-10-1612:34:54.151,3
309,The Rock,cm2941ws30000f34owtbyuyxq,2024-10-1612:34:59.663,0
104,Top Girls,cm2941ws30000f34owtbyuyxq,2024-10-1612:35:02.152,0
704,The Pursuit of Happyness,cm2941ws30000f34owtbyuyxq,2024-10-1612:35:04.282,5
772,Valkyrie,cm2941ws30000f34owtbyuyxq,2024-10-1612:35:32.166,5
447,How the Grinch Stole Christmas,cm2941ws30000f34owtbyuyxq,2024-10-1612:35:52.330,5
1019,Sin City: A Dame to Kill For,cm296c5dc0000yd5vu51v9hdz,2024-10-1612:37:23.563,5
438,Jawbreaker,cm296c5dc0000yd5vu51v9hdz,2024-10-1612:37:32.033,0
163,Schindler's List,cm296c5dc0000yd5vu51v9hdz,2024-10-1612:37:34.981,0
114,Problem Child 2,cm296c5dc0000yd5vu51v9hdz,2024-10-1612:37:38.694,2
456,102 Dalmatians,cm296c5dc0000yd5vu51v9hdz,2024-10-1612:37:42.282,2
589,Out of Time,cm296c5dc0000yd5vu51v9hdz,2024-10-1612:38:29.007,1
243,Braveheart,cm2941ws30000f34owtbyuyxq,2024-10-1612:52:42.052,5
1300,The Tomorrow War,cm2941ws30000f34owtbyuyxq,2024-10-1612:52:46.156,4
1143,King Arthur: Legend of the Sword,cm2941ws30000f34owtbyuyxq,2024-10-1612:52:49.366,3
1311,Fear Street: 1978,cm2941ws30000f34owtbyuyxq,2024-10-1612:52:54.229,4
175,Tombstone,cm2941ws30000f34owtbyuyxq,2024-10-1612:52:57.433,0
604,White Chicks,cm2941ws30000f34owtbyuyxq,2024-10-1612:52:59.586,5
1432,It's What's Inside,cm2941ws30000f34owtbyuyxq,2024-10-1612:53:04.511,0
48,Days of Thunder,cm2bvhvg7000045mtd46rgo5w,2024-10-1612:53:29.354,1
758,Norbit,cm2bvhvg7000045mtd46rgo5w,2024-10-1612:53:31.563,1
337,Spawn,cm2bvhvg7000045mtd46rgo5w,2024-10-1612:53:35.830,1
628,Meet the Fockers,cm2bvhvg7000045mtd46rgo5w,2024-10-1612:53:38.973,3
197,The Man Without a Face,cm2bvhvg7000045mtd46rgo5w,2024-10-1612:53:42.793,1
766,The Chronicles of Narnia: Prince Caspian,cm2bvhvg7000045mtd46rgo5w,2024-10-1612:53:45.313,4
1133,Get Out,cm2bvhvg7000045mtd46rgo5w,2024-10-1612:53:48.505,0
684,The Devil Wears Prada,cm2bvhvg7000045mtd46rgo5w,2024-10-1612:53:51.152,0
111,The Commitments,cm2bvhvg7000045mtd46rgo5w,2024-10-1612:53:57.146,0
86,If Looks Could Kill,cm2bvhvg7000045mtd46rgo5w,2024-10-1612:53:59.315,0
1280,Trolls World Tour,cm2bvhvg7000045mtd46rgo5w,2024-10-1612:54:01.623,0
904,The Smurfs,cm2bvhvg7000045mtd46rgo5w,2024-10-1612:54:03.548,0
593,Ken Park,cm2bvhvg7000045mtd46rgo5w,2024-10-1612:54:06.086,0
861,Shutter Island,cm2bvhvg7000045mtd46rgo5w,2024-10-1612:54:07.823,0
511,Captain Corelli's Mandolin,cm2bvhvg7000045mtd46rgo5w,2024-10-1612:54:09.751,0
667,King Kong,cm2bvhvg7000045mtd46rgo5w,2024-10-1612:54:17.360,2
533,The Transporter,cm2bvhvg7000045mtd46rgo5w,2024-10-1612:54:19.957,3
380,The Prince of Egypt,cm2bvhvg7000045mtd46rgo5w,2024-10-1612:54:22.408,0
969,The Secret Life of Walter Mitty,cm2bvhvg7000045mtd46rgo5w,2024-10-1612:54:25.812,4
340,Jackie Brown,cm2bvhvg7000045mtd46rgo5w,2024-10-1612:54:29.097,0
1291,Encanto,cm2bvhvg7000045mtd46rgo5w,2024-10-1612:54:31.516,3
1060,Mad Max: Fury Road,cm2bvhvg7000045mtd46rgo5w,2024-10-1612:54:45.658,0
1207,Maleficent: Mistress of Evil,cm2bvhvg7000045mtd46rgo5w,2024-10-1612:54:48.800,0
656,War of the Worlds,cm2bvhvg7000045mtd46rgo5w,2024-10-1612:54:50.375,0
578,Freaky Friday,cm2bvhvg7000045mtd46rgo5w,2024-10-1612:54:52.827,0
821,Halloween II,cm2bvhvg7000045mtd46rgo5w,2024-10-1612:54:54.358,0
1265,Proximity,cm2bvhvg7000045mtd46rgo5w,2024-10-1612:54:57.669,0
1278,Extraction,cm2bvhvg7000045mtd46rgo5w,2024-10-1612:54:59.529,0
18,Cannibal Women in the Avocado Jungle of Death,cm2bvhvg7000045mtd46rgo5w,2024-10-1612:55:01.469,0
368,Meet Joe Black,cm2bvhvg7000045mtd46rgo5w,2024-10-1612:55:07.136,4
790,Quantum of Solace,cm2bvhvg7000045mtd46rgo5w,2024-10-1612:55:20.065,0
1129,Below Her Mouth,cm2bvhvg7000045mtd46rgo5w,2024-10-1612:55:22.681,0
890,Captain America: The First Avenger,cm2bvhvg7000045mtd46rgo5w,2024-10-1612:55:25.229,4
1263,Z-O-M-B-I-E-S 2,cm2bvhvg7000045mtd46rgo5w,2024-10-1612:55:27.101,0
449,High Fidelity,cm2bvhvg7000045mtd46rgo5w,2024-10-1612:55:28.908,0
884,Harry Potter and the Deathly Hallows: Part 2,cm2bvhvg7000045mtd46rgo5w,2024-10-1612:55:30.890,5
311,Mars Attacks!,cm2bvhvg7000045mtd46rgo5w,2024-10-1612:55:33.939,4
1006,Whiplash,cm2bvhvg7000045mtd46rgo5w,2024-10-1612:55:38.762,5
185,The Crush,cm2bvhvg7000045mtd46rgo5w,2024-10-1612:55:40.950,0
467,Rules of Engagement,cm2bvhvg7000045mtd46rgo5w,2024-10-1612:56:11.011,0
1012,The Book of Life,cm2bvhvg7000045mtd46rgo5w,2024-10-1612:56:13.895,0
929,The Hobbit: An Unexpected Journey,cm2bvhvg7000045mtd46rgo5w,2024-10-1612:56:16.050,0
434,Universal Soldier: The Return,cm2bvhvg7000045mtd46rgo5w,2024-10-1612:56:17.883,0
798,Nim's Island,cm2bvhvg7000045mtd46rgo5w,2024-10-1612:56:19.520,0
249,Bad Boys,cm2bvhvg7000045mtd46rgo5w,2024-10-1612:56:22.853,4
201,The Shawshank Redemption,cm2bvhvg7000045mtd46rgo5w,2024-10-1612:56:24.934,5
627,The Day After Tomorrow,cm2bvhvg7000045mtd46rgo5w,2024-10-1612:56:29.150,2
1032,The Amazing Spider-Man 2,cm2bvhvg7000045mtd46rgo5w,2024-10-1612:56:31.698,3
1341,Halloween Ends,cm2bvhvg7000045mtd46rgo5w,2024-10-1612:56:34.314,0
441,Scary Movie,cm2bvhvg7000045mtd46rgo5w,2024-10-1612:56:36.348,3
117,Drop Dead Fred,cm2bvhvg7000045mtd46rgo5w,2024-10-1612:56:38.370,0
159,Lorenzo's Oil,cm2941ws30000f34owtbyuyxq,2024-10-1613:07:36.105,0
139,Basic Instinct,cm2941ws30000f34owtbyuyxq,2024-10-1613:07:39.419,5
1235,Ford v Ferrari,cm2941ws30000f34owtbyuyxq,2024-10-1613:07:42.468,4
493,Lara Croft: Tomb Raider,cm2941ws30000f34owtbyuyxq,2024-10-1613:07:44.998,4
924,Prometheus,cm2941ws30000f34owtbyuyxq,2024-10-1613:07:47.137,3
523,Ice Age,cm2941ws30000f34owtbyuyxq,2024-10-1613:34:06.028,5
776,Inkheart,cm2941ws30000f34owtbyuyxq,2024-10-1613:34:09.270,3
983,Tarzan,cm2941ws30000f34owtbyuyxq,2024-10-1613:34:12.168,3
541,Road to Perdition,cm2941ws30000f34owtbyuyxq,2024-10-1613:34:15.987,5
547,Kung Pow: Enter the Fist,cm2941ws30000f34owtbyuyxq,2024-10-1613:34:18.223,5
551,K-19: The Widowmaker,cm2941ws30000f34owtbyuyxq,2024-10-1613:34:21.900,2
256,Friday,cm2941ws30000f34owtbyuyxq,2024-10-1613:34:24.003,5
1234,Knives Out,cm2941ws30000f34owtbyuyxq,2024-10-1613:34:26.319,4
734,Halloween,cm2941ws30000f34owtbyuyxq,2024-10-1613:34:29.139,3
286,101 Dalmatians,cm2941ws30000f34owtbyuyxq,2024-10-1613:34:31.450,5
894,The Hangover Part II,cm2941ws30000f34owtbyuyxq,2024-10-1613:34:34.863,4
272,Fluke,cm2941ws30000f34owtbyuyxq,2024-10-1613:34:38.765,0
408,Star Wars: Episode I - The Phantom Menace,cm2941ws30000f34owtbyuyxq,2024-10-1613:34:41.601,4
715,Night at the Museum,cm2941ws30000f34owtbyuyxq,2024-10-1613:34:43.823,5
756,The Seeker: The Dark Is Rising,cm2941ws30000f34owtbyuyxq,2024-10-1613:34:53.416,0
583,Batman: Mystery of the Batwoman,cm2941ws30000f34owtbyuyxq,2024-10-1613:34:57.138,5
581,Peter Pan,cm2941ws30000f34owtbyuyxq,2024-10-1613:35:00.358,5
7,Licence to Kill,cm2941ws30000f34owtbyuyxq,2024-10-1613:35:03.105,0
812,The Blind Side,cm2941ws30000f34owtbyuyxq,2024-10-1613:35:05.616,3
42,The Godfather Part III,cm2941ws30000f34owtbyuyxq,2024-10-1613:35:08.428,5
1261,The New Mutants,cm2941ws30000f34owtbyuyxq,2024-10-1613:35:11.739,0
54,Night of the Living Dead,cm2941ws30000f34owtbyuyxq,2024-10-1613:35:15.939,5
39,Lock Up,cm2941ws30000f34owtbyuyxq,2024-10-1613:35:20.878,0
1093,Sausage Party,cm2941ws30000f34owtbyuyxq,2024-10-1613:35:23.319,0
895,No Strings Attached,cm2bvhvg7000045mtd46rgo5w,2024-10-1613:37:26.298,3
1168,Halloween,cm2bvhvg7000045mtd46rgo5w,2024-10-1613:37:28.359,0
860,Shutter Island,cm2bvhvg7000045mtd46rgo5w,2024-10-1613:37:30.158,0
1343,The Adam Project,cm2bvhvg7000045mtd46rgo5w,2024-10-1613:37:32.816,4
1001,Fury,cm2bvhvg7000045mtd46rgo5w,2024-10-1613:37:34.821,4
1014,Horrible Bosses 2,cm2bvhvg7000045mtd46rgo5w,2024-10-1613:37:37.433,5
907,Rio,cm2bvhvg7000045mtd46rgo5w,2024-10-1613:37:39.832,4
1347,Turning Red,cm2bvhvg7000045mtd46rgo5w,2024-10-1613:37:42.500,0
945,Journey 2: The Mysterious Island,cm2bvhvg7000045mtd46rgo5w,2024-10-1613:37:45.619,3
851,Shrek Forever After,cm2bvhvg7000045mtd46rgo5w,2024-10-1613:37:47.682,4
399,The Faculty,cm2bvhvg7000045mtd46rgo5w,2024-10-1613:37:50.038,0
518,Pearl Harbor,cm2bvhvg7000045mtd46rgo5w,2024-10-1613:37:52.402,4
354,Kiss the Girls,cm2bvhvg7000045mtd46rgo5w,2024-10-1613:37:54.815,0
328,Tomorrow Never Dies,cm2bvhvg7000045mtd46rgo5w,2024-10-1613:37:57.160,4
813,Prison Break: The Final Break,cm2bvhvg7000045mtd46rgo5w,2024-10-1613:38:00.354,0
1027,Annie,cm2bvhvg7000045mtd46rgo5w,2024-10-1613:38:03.103,0
411,The 13th Warrior,cm2bvhvg7000045mtd46rgo5w,2024-10-1613:38:05.292,0
651,Sin City,cm2bvhvg7000045mtd46rgo5w,2024-10-1613:38:08.951,4
1043,Ted 2,cm2bvhvg7000045mtd46rgo5w,2024-10-1613:38:11.357,4
10,The War of the Roses,cm2bvhvg7000045mtd46rgo5w,2024-10-1613:38:14.202,0
104,Top Girls,cm2bvhvg7000045mtd46rgo5w,2024-10-1613:38:15.764,0
867,The Book of Eli,cm2bvhvg7000045mtd46rgo5w,2024-10-1613:38:18.320,0
1320,The Loud House Movie,cm2bvhvg7000045mtd46rgo5w,2024-10-1613:38:20.931,0
643,Charlie and the Chocolate Factory,cm2bvhvg7000045mtd46rgo5w,2024-10-1613:38:23.837,3
811,The Twilight Saga: New Moon,cm2bvhvg7000045mtd46rgo5w,2024-10-1613:38:26.117,0
1160,The Dark Tower,cm2bvhvg7000045mtd46rgo5w,2024-10-1613:38:28.202,0
463,Snatch,cm2bvhvg7000045mtd46rgo5w,2024-10-1613:38:29.934,0
419,Boys Don't Cry,cm2bvhvg7000045mtd46rgo5w,2024-10-1613:38:32.205,0
999,Empire State,cm2bvhvg7000045mtd46rgo5w,2024-10-1613:38:34.072,0
1130,Despicable Me 3,cm2bvhvg7000045mtd46rgo5w,2024-10-1613:38:37.978,3
843,Harry Potter and the Deathly Hallows: Part 1,cm2bvhvg7000045mtd46rgo5w,2024-10-1613:38:40.217,5
115,Flight of the Intruder,cm2bvhvg7000045mtd46rgo5w,2024-10-1613:38:43.007,0
977,Scary Movie 5,cm2bvhvg7000045mtd46rgo5w,2024-10-1613:38:47.045,3
675,Sahara,cm2bvhvg7000045mtd46rgo5w,2024-10-1613:41:21.406,0
63,White Palace,cm2bvhvg7000045mtd46rgo5w,2024-10-1613:41:23.188,0
1111,Inferno,cm2bvhvg7000045mtd46rgo5w,2024-10-1613:41:25.637,4
1346,The OctoGames,cm2bvhvg7000045mtd46rgo5w,2024-10-1613:41:27.265,0
622,"Mickey, Donald, Goofy: The Three Musketeers",cm2bvhvg7000045mtd46rgo5w,2024-10-1613:41:29.203,0
745,Alvin and the Chipmunks,cm2bvhvg7000045mtd46rgo5w,2024-10-1613:41:30.617,0
211,Natural Born Killers,cm2bvhvg7000045mtd46rgo5w,2024-10-1613:41:32.271,0
1078,Victor Frankenstein,cm2bvhvg7000045mtd46rgo5w,2024-10-1613:41:36.157,0
178,Dragon: The Bruce Lee Story,cm2bvhvg7000045mtd46rgo5w,2024-10-1613:41:38.580,0
1418,Salem's Lot,cm2bvhvg7000045mtd46rgo5w,2024-10-1613:41:40.330,0
40,Shirley Valentine,cm2bvhvg7000045mtd46rgo5w,2024-10-1613:41:41.966,0
255,Copycat,cm2bvhvg7000045mtd46rgo5w,2024-10-1613:41:44.271,0
724,Virgin Territory,cm2bvhvg7000045mtd46rgo5w,2024-10-1613:41:46.507,0
1250,Love and Monsters,cm2bvhvg7000045mtd46rgo5w,2024-10-1613:41:48.294,0
658,Lord of War,cm2bvhvg7000045mtd46rgo5w,2024-10-1613:41:50.740,3
721,Highlander: The Search for Vengeance,cm2bvhvg7000045mtd46rgo5w,2024-10-1613:41:52.225,0
1157,From Straight A's to XXX,cm2bvhvg7000045mtd46rgo5w,2024-10-1613:41:53.912,0
1005,Interstellar,cm2bvhvg7000045mtd46rgo5w,2024-10-1613:41:59.307,5
1330,Minions: The Rise of Gru,cm2bvhvg7000045mtd46rgo5w,2024-10-1613:42:02.343,3
674,Are We There Yet?,cm2bvhvg7000045mtd46rgo5w,2024-10-1613:42:05.302,2
504,How High,cm2bvhvg7000045mtd46rgo5w,2024-10-1613:42:07.442,4
39,Lock Up,cm2bvhvg7000045mtd46rgo5w,2024-10-1613:42:09.751,0
1365,The Marvels,cm2bvhvg7000045mtd46rgo5w,2024-10-1613:42:12.747,1
41,Predator 2,cm2bvhvg7000045mtd46rgo5w,2024-10-1613:42:33.081,0
1156,Shot Caller,cm2bvhvg7000045mtd46rgo5w,2024-10-1613:42:34.466,0
476,The Kid,cm2bvhvg7000045mtd46rgo5w,2024-10-1613:42:36.089,0
1144,The Shack,cm2bvhvg7000045mtd46rgo5w,2024-10-1613:42:38.029,0
81,Beauty and the Beast,cm2bvhvg7000045mtd46rgo5w,2024-10-1613:42:39.586,0
11,Star Trek V: The Final Frontier,cm2bvhvg7000045mtd46rgo5w,2024-10-1613:42:46.145,0
835,Ninja Assassin,cm2bvhvg7000045mtd46rgo5w,2024-10-1613:42:51.594,0
103,L.A. Story,cm2bvhvg7000045mtd46rgo5w,2024-10-1613:42:56.006,0
1274,Mortal Kombat Legends: Scorpion's Revenge,cm2bvhvg7000045mtd46rgo5w,2024-10-1613:42:58.187,0
848,How to Train Your Dragon,cm2bvhvg7000045mtd46rgo5w,2024-10-1613:43:01.058,5
702,Marie Antoinette,cm2bvhvg7000045mtd46rgo5w,2024-10-1613:43:05.739,0
535,Lilo & Stitch,cm2bvhvg7000045mtd46rgo5w,2024-10-1613:43:08.330,4
611,The SpongeBob SquarePants Movie,cm2bvhvg7000045mtd46rgo5w,2024-10-1613:43:11.001,0
9,Heathers,cm2bvhvg7000045mtd46rgo5w,2024-10-1613:43:12.632,0
946,Life of Pi,cm2bvhvg7000045mtd46rgo5w,2024-10-1613:43:15.704,4
624,Shaun of the Dead,cm2bvhvg7000045mtd46rgo5w,2024-10-1613:43:18.049,3
709,The Nativity Story,cm2bvhvg7000045mtd46rgo5w,2024-10-1613:43:20.334,0
1321,Terrifier 2,cm2bvhvg7000045mtd46rgo5w,2024-10-1613:43:21.889,0
631,Van Helsing: The London Assignment,cm2bvhvg7000045mtd46rgo5w,2024-10-1613:43:24.052,0
686,Apocalypto,cm2bvhvg7000045mtd46rgo5w,2024-10-1613:43:25.639,0
718,Flushed Away,cm2bvhvg7000045mtd46rgo5w,2024-10-1613:43:27.779,0
1030,Wrong Turn 6: Last Resort,cm2bvhvg7000045mtd46rgo5w,2024-10-1613:43:29.387,0
1437,Kingdom of the Planet of the Apes,cm2bvhvg7000045mtd46rgo5w,2024-10-1613:43:33.319,1
1272,The Night Clerk,cm2bvhvg7000045mtd46rgo5w,2024-10-1613:43:35.462,0
412,Eyes Wide Shut,cm2bvhvg7000045mtd46rgo5w,2024-10-1613:43:36.935,0
77,The Witches,cm2bvhvg7000045mtd46rgo5w,2024-10-1613:43:38.691,0
666,Wallace & Gromit: The Curse of the Were-Rabbit,cm2bvhvg7000045mtd46rgo5w,2024-10-1613:43:41.276,2
693,The Hills Have Eyes,cm2bvhvg7000045mtd46rgo5w,2024-10-1613:43:43.324,0
968,World War Z,cm2bvhvg7000045mtd46rgo5w,2024-10-1613:43:45.561,3
725,Aliens vs Predator: Requiem,cm2bvhvg7000045mtd46rgo5w,2024-10-1613:43:49.467,2
1424,Borderlands,cm2bvhvg7000045mtd46rgo5w,2024-10-1613:43:52.482,1
723,Harry Potter and the Order of the Phoenix,cm2bvhvg7000045mtd46rgo5w,2024-10-1613:43:54.585,5
957,Django Unchained,cm2bvhvg7000045mtd46rgo5w,2024-10-1613:43:56.538,4
376,Blade,cm2bvhvg7000045mtd46rgo5w,2024-10-1613:43:58.975,3
1410,Joker: Folie à Deux,cm2bvhvg7000045mtd46rgo5w,2024-10-1613:44:01.555,4
1304,Halloween Kills,cm2bvhvg7000045mtd46rgo5w,2024-10-1613:44:04.725,0